comment_id,true_themes,true_tone
C00001,Fairness & Opportunity; Inclusive Leadership,negative
C00002,Inclusive Leadership; Psychological Safety,positive
C00003,Psychological Safety,negative
C00004,Fairness & Opportunity; Employee Voice,negative
C00005,Fairness & Opportunity,negative
C00006,Inclusive Leadership; Belonging,positive
C00007,Employee Voice,positive
C00008,Belonging,positive
C00009,Employee Voice,negative
C00010,Psychological Safety,negative
C00011,Belonging,positive
C00012,Fairness & Opportunity; Inclusive Leadership,negative
C00013,Belonging,positive
C00014,Fairness & Opportunity,negative
C00015,Inclusive Leadership,positive
C00016,Fairness & Opportunity; Belonging,negative
C00017,Fairness & Opportunity; Psychological Safety,negative
C00018,Belonging,positive
C00019,Belonging,negative
C00020,Inclusive Leadership,positive
C00021,Fairness & Opportunity,negative
C00022,Fairness & Opportunity,negative
C00023,Employee Voice,negative
C00024,Belonging,positive
C00025,Belonging; Employee Voice,negative
C00026,Fairness & Opportunity,negative
C00027,Employee Voice,positive
C00028,Employee Voice,negative
C00029,Fairness & Opportunity,negative
C00030,Fairness & Opportunity,negative
C00031,Inclusive Leadership,positive
C00032,Belonging,negative
C00033,Inclusive Leadership,negative
C00034,Belonging,positive
C00035,Psychological Safety; Belonging,negative
C00036,Psychological Safety; Inclusive Leadership,negative
C00037,Inclusive Leadership,positive
C00038,Belonging,negative
C00039,Inclusive Leadership,positive
C00040,Psychological Safety; Fairness & Opportunity,positive
C00041,Employee Voice,negative
C00042,Fairness & Opportunity,positive
C00043,Employee Voice,negative
C00044,Inclusive Leadership,positive
C00045,Psychological Safety,negative
C00046,Inclusive Leadership,positive
C00047,Psychological Safety,positive
C00048,Belonging,negative
C00049,Employee Voice,positive
C00050,Employee Voice,negative
C00051,Inclusive Leadership,positive
C00052,Employee Voice,negative
C00053,Fairness & Opportunity,positive
C00054,Inclusive Leadership,positive
C00055,Employee Voice,negative
C00056,Belonging; Employee Voice,positive
C00057,Fairness & Opportunity; Belonging,positive
C00058,Inclusive Leadership,negative
C00059,Employee Voice,positive
C00060,Psychological Safety,negative
C00061,Psychological Safety,negative
C00062,Belonging,negative
C00063,Inclusive Leadership,negative
C00064,Psychological Safety,negative
C00065,Fairness & Opportunity,negative
C00066,Employee Voice; Fairness & Opportunity,positive
C00067,Belonging,negative
C00068,Employee Voice,negative
C00069,Belonging,negative
C00070,Belonging; Employee Voice,negative
C00071,Employee Voice; Psychological Safety,positive
C00072,Psychological Safety,negative
C00073,Inclusive Leadership,negative
C00074,Fairness & Opportunity,positive
C00075,Employee Voice,negative
C00076,Employee Voice,negative
C00077,Inclusive Leadership; Psychological Safety,negative
C00078,Fairness & Opportunity,negative
C00079,Belonging; Inclusive Leadership,negative
C00080,Psychological Safety,positive
C00081,Belonging; Psychological Safety,negative
C00082,Employee Voice,negative
C00083,Belonging,positive
C00084,Fairness & Opportunity,negative
C00085,Employee Voice,positive
C00086,Employee Voice,positive
C00087,Employee Voice,negative
C00088,Inclusive Leadership,positive
C00089,Fairness & Opportunity,negative
C00090,Fairness & Opportunity; Belonging,negative
C00091,Inclusive Leadership,positive
C00092,Psychological Safety,negative
C00093,Psychological Safety,positive
C00094,Psychological Safety,negative
C00095,Inclusive Leadership; Employee Voice,positive
C00096,Belonging,positive
C00097,Fairness & Opportunity,positive
C00098,Fairness & Opportunity,negative
C00099,Employee Voice; Belonging,positive
C00100,Employee Voice,negative
C00101,Psychological Safety,negative
C00102,Belonging,positive
C00103,Inclusive Leadership,negative
C00104,Psychological Safety,positive
C00105,Employee Voice,negative
C00106,Fairness & Opportunity; Inclusive Leadership,negative
C00107,Psychological Safety,positive
C00108,Belonging,negative
C00109,Inclusive Leadership,positive
C00110,Psychological Safety,negative
C00111,Fairness & Opportunity,negative
C00112,Psychological Safety,negative
C00113,Fairness & Opportunity,positive
C00114,Psychological Safety,negative
C00115,Fairness & Opportunity; Belonging,positive
C00116,Inclusive Leadership,positive
C00117,Psychological Safety,negative
C00118,Inclusive Leadership,positive
C00119,Fairness & Opportunity; Employee Voice,negative
C00120,Inclusive Leadership; Fairness & Opportunity,positive
C00121,Inclusive Leadership,positive
C00122,Fairness & Opportunity,negative
C00123,Fairness & Opportunity,positive
C00124,Fairness & Opportunity,negative
C00125,Belonging,positive
C00126,Belonging,positive
C00127,Inclusive Leadership,negative
C00128,Psychological Safety,negative
C00129,Inclusive Leadership,negative
C00130,Employee Voice,negative
C00131,Employee Voice; Psychological Safety,negative
C00132,Inclusive Leadership,positive
C00133,Belonging,negative
C00134,Inclusive Leadership,negative
C00135,Fairness & Opportunity,positive
C00136,Belonging,negative
C00137,Inclusive Leadership,positive
C00138,Employee Voice; Fairness & Opportunity,negative
C00139,Belonging; Fairness & Opportunity,negative
C00140,Fairness & Opportunity,positive
C00141,Fairness & Opportunity; Inclusive Leadership,negative
C00142,Inclusive Leadership,positive
C00143,Psychological Safety,negative
C00144,Inclusive Leadership,positive
C00145,Employee Voice,negative
C00146,Inclusive Leadership,positive
C00147,Employee Voice,negative
C00148,Fairness & Opportunity,positive
C00149,Belonging,positive
C00150,Psychological Safety; Inclusive Leadership,negative
C00151,Inclusive Leadership,positive
C00152,Employee Voice; Fairness & Opportunity,negative
C00153,Inclusive Leadership,positive
C00154,Psychological Safety,negative
C00155,Employee Voice,positive
C00156,Employee Voice; Psychological Safety,negative
C00157,Belonging,negative
C00158,Inclusive Leadership; Employee Voice,negative
C00159,Psychological Safety,positive
C00160,Fairness & Opportunity; Belonging,negative
C00161,Psychological Safety,positive
C00162,Psychological Safety,positive
C00163,Employee Voice,negative
C00164,Belonging,positive
C00165,Psychological Safety,negative
C00166,Psychological Safety,negative
C00167,Fairness & Opportunity,negative
C00168,Fairness & Opportunity,negative
C00169,Inclusive Leadership,negative
C00170,Psychological Safety,positive
C00171,Inclusive Leadership,negative
C00172,Belonging; Psychological Safety,positive
C00173,Inclusive Leadership,negative
C00174,Employee Voice,positive
C00175,Psychological Safety,negative
C00176,Fairness & Opportunity,negative
C00177,Inclusive Leadership,positive
C00178,Belonging,negative
C00179,Psychological Safety; Belonging,positive
C00180,Fairness & Opportunity,negative
C00181,Psychological Safety,negative
C00182,Fairness & Opportunity,negative
C00183,Belonging,positive
C00184,Fairness & Opportunity,positive
C00185,Fairness & Opportunity,negative
C00186,Employee Voice,positive
C00187,Psychological Safety; Inclusive Leadership,negative
C00188,Belonging,positive
C00189,Psychological Safety,positive
C00190,Psychological Safety,positive
C00191,Psychological Safety,negative
C00192,Employee Voice,positive
C00193,Fairness & Opportunity,negative
C00194,Employee Voice,positive
C00195,Employee Voice,positive
C00196,Fairness & Opportunity; Inclusive Leadership,negative
C00197,Employee Voice,negative
C00198,Belonging,positive
C00199,Psychological Safety; Employee Voice,negative
C00200,Fairness & Opportunity,positive
C00201,Employee Voice,negative
C00202,Fairness & Opportunity,negative
C00203,Belonging,positive
C00204,Belonging,negative
C00205,Fairness & Opportunity,negative
C00206,Fairness & Opportunity,negative
C00207,Employee Voice; Belonging,negative
C00208,Inclusive Leadership,positive
C00209,Fairness & Opportunity,negative
C00210,Inclusive Leadership; Belonging,negative
C00211,Belonging,positive
C00212,Fairness & Opportunity,negative
C00213,Fairness & Opportunity,negative
C00214,Employee Voice; Psychological Safety,negative
C00215,Belonging,positive
C00216,Belonging,negative
C00217,Inclusive Leadership,positive
C00218,Psychological Safety; Employee Voice,negative
C00219,Fairness & Opportunity; Psychological Safety,positive
C00220,Inclusive Leadership,positive
C00221,Fairness & Opportunity,negative
C00222,Employee Voice; Inclusive Leadership,positive
C00223,Fairness & Opportunity,negative
C00224,Employee Voice,negative
C00225,Fairness & Opportunity,negative
C00226,Psychological Safety; Inclusive Leadership,negative
C00227,Fairness & Opportunity,positive
C00228,Fairness & Opportunity; Belonging,positive
C00229,Fairness & Opportunity,negative
C00230,Employee Voice,negative
C00231,Inclusive Leadership,negative
C00232,Fairness & Opportunity,negative
C00233,Inclusive Leadership,negative
C00234,Psychological Safety,negative
C00235,Fairness & Opportunity,positive
C00236,Inclusive Leadership,negative
C00237,Belonging,positive
C00238,Psychological Safety; Belonging,negative
C00239,Fairness & Opportunity,negative
C00240,Psychological Safety,positive
C00241,Fairness & Opportunity,negative
C00242,Employee Voice,positive
C00243,Fairness & Opportunity; Psychological Safety,positive
C00244,Belonging,positive
C00245,Belonging; Psychological Safety,negative
C00246,Employee Voice,negative
C00247,Inclusive Leadership,positive
C00248,Belonging,negative
C00249,Psychological Safety,positive
C00250,Fairness & Opportunity,negative
C00251,Inclusive Leadership,positive
C00252,Psychological Safety,negative
C00253,Belonging,positive
C00254,Belonging,negative
C00255,Psychological Safety,positive
C00256,Belonging,negative
C00257,Psychological Safety,negative
C00258,Employee Voice; Psychological Safety,positive
C00259,Psychological Safety,negative
C00260,Fairness & Opportunity,negative
C00261,Employee Voice,negative
C00262,Inclusive Leadership,positive
C00263,Inclusive Leadership,positive
C00264,Psychological Safety,negative
C00265,Inclusive Leadership,positive
C00266,Psychological Safety,positive
C00267,Fairness & Opportunity,negative
C00268,Employee Voice,negative
C00269,Psychological Safety,negative
C00270,Belonging,negative
C00271,Psychological Safety; Employee Voice,negative
C00272,Belonging,negative
C00273,Inclusive Leadership; Fairness & Opportunity,positive
C00274,Belonging,negative
C00275,Employee Voice,positive
C00276,Belonging,negative
C00277,Psychological Safety,positive
C00278,Inclusive Leadership,negative
C00279,Fairness & Opportunity,positive
C00280,Fairness & Opportunity,negative
C00281,Employee Voice,negative
C00282,Inclusive Leadership,positive
C00283,Belonging,negative
C00284,Fairness & Opportunity,negative
C00285,Psychological Safety,positive
C00286,Fairness & Opportunity,positive
C00287,Psychological Safety; Inclusive Leadership,positive
C00288,Psychological Safety; Belonging,negative
C00289,Belonging,positive
C00290,Psychological Safety; Employee Voice,negative
C00291,Inclusive Leadership; Psychological Safety,positive
C00292,Employee Voice; Fairness & Opportunity,negative
C00293,Belonging,positive
C00294,Employee Voice,positive
C00295,Inclusive Leadership,positive
C00296,Belonging; Employee Voice,negative
C00297,Inclusive Leadership,positive
C00298,Inclusive Leadership; Employee Voice,negative
C00299,Psychological Safety,positive
C00300,Employee Voice,negative
C00301,Psychological Safety,positive
C00302,Employee Voice,negative
C00303,Psychological Safety,positive
C00304,Psychological Safety; Inclusive Leadership,positive
C00305,Employee Voice,positive
C00306,Belonging,positive
C00307,Employee Voice,positive
C00308,Fairness & Opportunity,negative
C00309,Psychological Safety,negative
C00310,Belonging,positive
C00311,Belonging,negative
C00312,Inclusive Leadership,positive
C00313,Belonging; Inclusive Leadership,negative
C00314,Psychological Safety,negative
C00315,Belonging; Employee Voice,positive
C00316,Belonging; Fairness & Opportunity,positive
C00317,Inclusive Leadership,negative
C00318,Employee Voice,positive
C00319,Inclusive Leadership,positive
C00320,Employee Voice; Belonging,negative
C00321,Psychological Safety,positive
C00322,Fairness & Opportunity,negative
C00323,Employee Voice,positive
C00324,Psychological Safety,negative
C00325,Employee Voice,positive
C00326,Psychological Safety,negative
C00327,Employee Voice,negative
C00328,Inclusive Leadership,positive
C00329,Employee Voice,negative
C00330,Employee Voice,positive
C00331,Inclusive Leadership,negative
C00332,Belonging,positive
C00333,Psychological Safety; Fairness & Opportunity,negative
C00334,Fairness & Opportunity,negative
C00335,Fairness & Opportunity,negative
C00336,Employee Voice,positive
C00337,Inclusive Leadership,negative
C00338,Belonging; Fairness & Opportunity,positive
C00339,Belonging,negative
C00340,Belonging,negative
C00341,Psychological Safety,negative
C00342,Belonging,positive
C00343,Employee Voice,negative
C00344,Inclusive Leadership,negative
C00345,Belonging,negative
C00346,Belonging,positive
C00347,Inclusive Leadership,negative
C00348,Inclusive Leadership; Employee Voice,negative
C00349,Fairness & Opportunity,negative
C00350,Employee Voice; Fairness & Opportunity,negative
C00351,Belonging,positive
C00352,Psychological Safety,negative
C00353,Belonging,positive
C00354,Belonging,negative
C00355,Psychological Safety,negative
C00356,Fairness & Opportunity,negative
C00357,Belonging,positive
C00358,Employee Voice,negative
C00359,Belonging,negative
C00360,Fairness & Opportunity,negative
C00361,Psychological Safety,negative
C00362,Belonging,negative
C00363,Employee Voice,negative
C00364,Psychological Safety,negative
C00365,Fairness & Opportunity,positive
C00366,Fairness & Opportunity; Employee Voice,negative
C00367,Inclusive Leadership,negative
C00368,Inclusive Leadership,negative
C00369,Fairness & Opportunity; Belonging,positive
C00370,Fairness & Opportunity; Belonging,positive
C00371,Belonging,positive
C00372,Psychological Safety,negative
C00373,Inclusive Leadership,negative
C00374,Psychological Safety; Belonging,negative
C00375,Fairness & Opportunity,positive
C00376,Belonging,positive
C00377,Psychological Safety,negative
C00378,Employee Voice,positive
C00379,Employee Voice,positive
C00380,Belonging,negative
C00381,Employee Voice,negative
C00382,Inclusive Leadership; Psychological Safety,positive
C00383,Employee Voice,negative
C00384,Belonging,positive
C00385,Psychological Safety,negative
C00386,Belonging; Psychological Safety,positive
C00387,Belonging,positive
C00388,Employee Voice; Inclusive Leadership,positive
C00389,Fairness & Opportunity; Psychological Safety,negative
C00390,Belonging; Inclusive Leadership,positive
C00391,Inclusive Leadership,negative
C00392,Employee Voice,positive
C00393,Employee Voice,positive
C00394,Psychological Safety,negative
C00395,Belonging,positive
C00396,Fairness & Opportunity; Employee Voice,negative
C00397,Inclusive Leadership,negative
C00398,Belonging,positive
C00399,Belonging,negative
C00400,Psychological Safety,negative
C00401,Employee Voice,positive
C00402,Fairness & Opportunity,negative
C00403,Employee Voice,negative
C00404,Belonging; Fairness & Opportunity,negative
C00405,Psychological Safety; Inclusive Leadership,positive
C00406,Employee Voice; Fairness & Opportunity,negative
C00407,Fairness & Opportunity,negative
C00408,Belonging,positive
C00409,Employee Voice; Inclusive Leadership,positive
C00410,Belonging,negative
C00411,Inclusive Leadership,positive
C00412,Employee Voice,negative
C00413,Psychological Safety,positive
C00414,Inclusive Leadership; Psychological Safety,negative
C00415,Belonging,positive
C00416,Belonging,negative
C00417,Inclusive Leadership,positive
C00418,Psychological Safety,negative
C00419,Psychological Safety,negative
C00420,Belonging,positive
C00421,Fairness & Opportunity,negative
C00422,Employee Voice,negative
C00423,Inclusive Leadership,positive
C00424,Psychological Safety,negative
C00425,Inclusive Leadership,negative
C00426,Employee Voice,negative
C00427,Fairness & Opportunity,positive
C00428,Inclusive Leadership; Psychological Safety,negative
C00429,Fairness & Opportunity,negative
C00430,Inclusive Leadership,positive
C00431,Psychological Safety,negative
C00432,Inclusive Leadership,positive
C00433,Fairness & Opportunity; Inclusive Leadership,negative
C00434,Belonging; Fairness & Opportunity,negative
C00435,Fairness & Opportunity,positive
C00436,Fairness & Opportunity; Employee Voice,negative
C00437,Employee Voice,positive
C00438,Belonging,negative
C00439,Psychological Safety; Employee Voice,negative
C00440,Belonging; Psychological Safety,negative
C00441,Inclusive Leadership,positive
C00442,Fairness & Opportunity,negative
C00443,Inclusive Leadership,positive
C00444,Employee Voice,negative
C00445,Inclusive Leadership,negative
C00446,Employee Voice,negative
C00447,Inclusive Leadership,positive
C00448,Psychological Safety,negative
C00449,Employee Voice; Psychological Safety,positive
C00450,Inclusive Leadership,positive
C00451,Employee Voice,positive
C00452,Employee Voice,negative
C00453,Belonging; Employee Voice,negative
C00454,Employee Voice; Fairness & Opportunity,negative
C00455,Fairness & Opportunity,negative
C00456,Belonging,positive
C00457,Belonging,negative
C00458,Fairness & Opportunity,positive
C00459,Fairness & Opportunity,negative
C00460,Psychological Safety,positive
C00461,Employee Voice,positive
C00462,Psychological Safety,negative
C00463,Belonging,positive
C00464,Belonging; Employee Voice,negative
C00465,Psychological Safety,positive
C00466,Employee Voice,positive
C00467,Belonging; Fairness & Opportunity,positive
C00468,Inclusive Leadership; Psychological Safety,negative
C00469,Belonging,positive
C00470,Belonging; Inclusive Leadership,negative
C00471,Fairness & Opportunity,negative
C00472,Inclusive Leadership; Fairness & Opportunity,positive
C00473,Inclusive Leadership,positive
C00474,Inclusive Leadership,negative
C00475,Belonging; Employee Voice,positive
C00476,Belonging,negative
C00477,Inclusive Leadership,positive
C00478,Employee Voice,negative
C00479,Psychological Safety,negative
C00480,Inclusive Leadership,positive
C00481,Psychological Safety,positive
C00482,Belonging; Fairness & Opportunity,positive
C00483,Employee Voice,negative
C00484,Belonging,negative
C00485,Psychological Safety; Inclusive Leadership,positive
C00486,Psychological Safety; Employee Voice,negative
C00487,Fairness & Opportunity,positive
C00488,Employee Voice,negative
C00489,Psychological Safety,positive
C00490,Fairness & Opportunity; Belonging,negative
C00491,Inclusive Leadership,positive
C00492,Belonging,positive
C00493,Fairness & Opportunity,positive
C00494,Inclusive Leadership; Psychological Safety,positive
C00495,Employee Voice; Belonging,negative
C00496,Fairness & Opportunity,negative
C00497,Belonging; Fairness & Opportunity,positive
C00498,Fairness & Opportunity,negative
C00499,Fairness & Opportunity,negative
C00500,Inclusive Leadership,positive
C00501,Psychological Safety,negative
C00502,Inclusive Leadership,positive
C00503,Psychological Safety,negative
C00504,Belonging,positive
C00505,Psychological Safety,negative
C00506,Employee Voice; Belonging,positive
C00507,Belonging,negative
C00508,Fairness & Opportunity,positive
C00509,Psychological Safety,negative
C00510,Belonging,negative
C00511,Employee Voice,positive
C00512,Inclusive Leadership,positive
C00513,Belonging,negative
C00514,Inclusive Leadership,positive
C00515,Belonging,negative
C00516,Psychological Safety,negative
C00517,Fairness & Opportunity,negative
C00518,Inclusive Leadership,positive
C00519,Fairness & Opportunity,negative
C00520,Belonging,positive
C00521,Inclusive Leadership,positive
C00522,Inclusive Leadership,negative
C00523,Inclusive Leadership,negative
C00524,Employee Voice,positive
C00525,Belonging,negative
C00526,Employee Voice,negative
C00527,Belonging,positive
C00528,Belonging,positive
C00529,Psychological Safety,negative
C00530,Belonging,negative
C00531,Employee Voice,positive
C00532,Fairness & Opportunity,negative
C00533,Belonging,positive
C00534,Belonging,negative
C00535,Employee Voice,positive
C00536,Fairness & Opportunity,negative
C00537,Employee Voice,positive
C00538,Psychological Safety,negative
C00539,Inclusive Leadership,positive
C00540,Psychological Safety,negative
C00541,Employee Voice,positive
C00542,Belonging,positive
C00543,Fairness & Opportunity,negative
C00544,Belonging,positive
C00545,Psychological Safety,positive
C00546,Inclusive Leadership,positive
C00547,Fairness & Opportunity,negative
C00548,Belonging; Psychological Safety,negative
C00549,Inclusive Leadership; Psychological Safety,positive
C00550,Psychological Safety,negative
C00551,Inclusive Leadership,positive
C00552,Psychological Safety,negative
C00553,Belonging; Employee Voice,positive
C00554,Inclusive Leadership,negative
C00555,Fairness & Opportunity,positive
C00556,Employee Voice,positive
C00557,Belonging,negative
C00558,Psychological Safety,positive
C00559,Employee Voice,negative
C00560,Belonging,positive
C00561,Inclusive Leadership,positive
C00562,Employee Voice,negative
C00563,Fairness & Opportunity,positive
C00564,Inclusive Leadership,negative
C00565,Employee Voice,positive
C00566,Fairness & Opportunity,negative
C00567,Belonging,positive
C00568,Belonging,positive
C00569,Psychological Safety,negative
C00570,Employee Voice; Psychological Safety,positive
C00571,Psychological Safety,negative
C00572,Inclusive Leadership; Psychological Safety,positive
C00573,Psychological Safety,negative
C00574,Belonging,positive
C00575,Employee Voice,negative
C00576,Inclusive Leadership,positive
C00577,Fairness & Opportunity,negative
C00578,Inclusive Leadership,positive
C00579,Fairness & Opportunity,negative
C00580,Belonging; Inclusive Leadership,positive
C00581,Fairness & Opportunity,negative
C00582,Fairness & Opportunity,negative
C00583,Inclusive Leadership,negative
C00584,Employee Voice,positive
C00585,Fairness & Opportunity,positive
C00586,Inclusive Leadership,positive
C00587,Psychological Safety,negative
C00588,Employee Voice,negative
C00589,Employee Voice,negative
C00590,Psychological Safety,negative
C00591,Inclusive Leadership; Psychological Safety,positive
C00592,Belonging,negative
C00593,Psychological Safety,positive
C00594,Employee Voice,negative
C00595,Employee Voice,positive
C00596,Inclusive Leadership,negative
C00597,Inclusive Leadership; Fairness & Opportunity,negative
C00598,Employee Voice,negative
C00599,Belonging; Inclusive Leadership,positive
C00600,Employee Voice,positive
C00601,Belonging; Inclusive Leadership,positive
C00602,Fairness & Opportunity; Psychological Safety,positive
C00603,Fairness & Opportunity,positive
C00604,Employee Voice; Psychological Safety,negative
C00605,Fairness & Opportunity; Inclusive Leadership,negative
C00606,Employee Voice; Belonging,negative
C00607,Inclusive Leadership,positive
C00608,Employee Voice,negative
C00609,Belonging,positive
C00610,Psychological Safety,negative
C00611,Employee Voice; Psychological Safety,positive
C00612,Belonging,positive
C00613,Employee Voice,negative
C00614,Inclusive Leadership,positive
C00615,Fairness & Opportunity; Inclusive Leadership,negative
C00616,Inclusive Leadership,positive
C00617,Employee Voice,negative
C00618,Belonging,positive
C00619,Fairness & Opportunity; Belonging,positive
C00620,Belonging,negative
C00621,Inclusive Leadership,negative
C00622,Psychological Safety; Fairness & Opportunity,positive
C00623,Employee Voice,negative
C00624,Fairness & Opportunity,positive
C00625,Belonging; Fairness & Opportunity,negative
C00626,Employee Voice,positive
C00627,Fairness & Opportunity; Belonging,positive
C00628,Inclusive Leadership; Psychological Safety,negative
C00629,Fairness & Opportunity,positive
C00630,Fairness & Opportunity,negative
C00631,Employee Voice,positive
C00632,Psychological Safety,negative
C00633,Belonging,negative
C00634,Fairness & Opportunity,positive
C00635,Psychological Safety,negative
C00636,Inclusive Leadership,negative
C00637,Psychological Safety,positive
C00638,Employee Voice,positive
C00639,Inclusive Leadership,positive
C00640,Belonging,negative
C00641,Inclusive Leadership,positive
C00642,Psychological Safety,positive
C00643,Belonging,positive
C00644,Fairness & Opportunity,negative
C00645,Psychological Safety,positive
C00646,Fairness & Opportunity; Inclusive Leadership,negative
C00647,Psychological Safety,negative
C00648,Belonging,positive
C00649,Fairness & Opportunity; Belonging,negative
C00650,Employee Voice,negative
C00651,Belonging; Psychological Safety,positive
C00652,Inclusive Leadership; Employee Voice,negative
C00653,Fairness & Opportunity,negative
C00654,Belonging,positive
C00655,Psychological Safety; Belonging,negative
C00656,Employee Voice,negative
C00657,Inclusive Leadership; Employee Voice,negative
C00658,Fairness & Opportunity; Employee Voice,positive
C00659,Fairness & Opportunity,negative
C00660,Belonging,positive
C00661,Belonging,positive
C00662,Employee Voice,negative
C00663,Belonging; Psychological Safety,positive
C00664,Fairness & Opportunity,negative
C00665,Inclusive Leadership; Belonging,positive
C00666,Fairness & Opportunity,negative
C00667,Inclusive Leadership,positive
C00668,Inclusive Leadership,negative
C00669,Psychological Safety,positive
C00670,Fairness & Opportunity,negative
C00671,Psychological Safety,negative
C00672,Fairness & Opportunity; Psychological Safety,positive
C00673,Inclusive Leadership; Employee Voice,positive
C00674,Belonging,negative
C00675,Fairness & Opportunity,positive
C00676,Employee Voice,negative
C00677,Inclusive Leadership,negative
C00678,Employee Voice,positive
C00679,Inclusive Leadership,negative
C00680,Psychological Safety,negative
C00681,Belonging,positive
C00682,Psychological Safety,negative
C00683,Fairness & Opportunity,positive
C00684,Belonging,positive
C00685,Employee Voice,negative
C00686,Fairness & Opportunity,positive
C00687,Belonging,positive
C00688,Psychological Safety,negative
C00689,Belonging,positive
C00690,Psychological Safety,negative
C00691,Employee Voice,positive
C00692,Fairness & Opportunity,negative
C00693,Employee Voice,positive
C00694,Employee Voice,negative
C00695,Fairness & Opportunity,negative
C00696,Psychological Safety; Employee Voice,negative
C00697,Fairness & Opportunity,positive
C00698,Fairness & Opportunity,negative
C00699,Employee Voice,positive
C00700,Employee Voice,positive
C00701,Fairness & Opportunity,negative
C00702,Inclusive Leadership,negative
C00703,Employee Voice,negative
C00704,Psychological Safety; Belonging,negative
C00705,Inclusive Leadership,positive
C00706,Inclusive Leadership,positive
C00707,Psychological Safety,negative
C00708,Fairness & Opportunity; Psychological Safety,negative
C00709,Inclusive Leadership,positive
C00710,Belonging,negative
C00711,Employee Voice,positive
C00712,Inclusive Leadership,negative
C00713,Belonging,positive
C00714,Fairness & Opportunity,negative
C00715,Belonging; Psychological Safety,positive
C00716,Fairness & Opportunity; Inclusive Leadership,positive
C00717,Employee Voice,negative
C00718,Psychological Safety; Employee Voice,positive
C00719,Belonging,positive
C00720,Inclusive Leadership,negative
C00721,Employee Voice; Inclusive Leadership,negative
C00722,Belonging,positive
C00723,Fairness & Opportunity; Inclusive Leadership,positive
C00724,Inclusive Leadership,negative
C00725,Fairness & Opportunity,positive
C00726,Employee Voice,negative
C00727,Inclusive Leadership,positive
C00728,Employee Voice; Belonging,negative
C00729,Belonging,positive
C00730,Psychological Safety,negative
C00731,Fairness & Opportunity,positive
C00732,Inclusive Leadership,negative
C00733,Employee Voice,positive
C00734,Employee Voice,positive
C00735,Psychological Safety,negative
C00736,Belonging,positive
C00737,Employee Voice,negative
C00738,Employee Voice,negative
C00739,Fairness & Opportunity,positive
C00740,Psychological Safety; Belonging,negative
C00741,Employee Voice,positive
C00742,Inclusive Leadership,positive
C00743,Psychological Safety; Fairness & Opportunity,negative
C00744,Belonging,negative
C00745,Belonging,positive
C00746,Employee Voice,negative
C00747,Inclusive Leadership; Belonging,positive
C00748,Psychological Safety; Employee Voice,positive
C00749,Belonging,negative
C00750,Inclusive Leadership,negative
C00751,Fairness & Opportunity; Belonging,positive
C00752,Belonging,negative
C00753,Belonging,positive
C00754,Psychological Safety,negative
C00755,Belonging,positive
C00756,Belonging,negative
C00757,Inclusive Leadership,negative
C00758,Psychological Safety,positive
C00759,Employee Voice,positive
C00760,Inclusive Leadership,negative
C00761,Fairness & Opportunity,negative
C00762,Employee Voice,positive
C00763,Psychological Safety,negative
C00764,Inclusive Leadership,negative
C00765,Employee Voice,positive
C00766,Employee Voice,negative
C00767,Belonging,negative
C00768,Employee Voice,positive
C00769,Inclusive Leadership,negative
C00770,Belonging; Psychological Safety,positive
C00771,Belonging,negative
C00772,Fairness & Opportunity,negative
C00773,Belonging,positive
C00774,Fairness & Opportunity,negative
C00775,Fairness & Opportunity,negative
C00776,Fairness & Opportunity; Inclusive Leadership,negative
C00777,Employee Voice,negative
C00778,Fairness & Opportunity,negative
C00779,Psychological Safety; Fairness & Opportunity,positive
C00780,Inclusive Leadership,negative
C00781,Employee Voice,positive
C00782,Psychological Safety,negative
C00783,Psychological Safety,positive
C00784,Fairness & Opportunity,negative
C00785,Belonging; Inclusive Leadership,positive
C00786,Fairness & Opportunity,negative
C00787,Psychological Safety,positive
C00788,Inclusive Leadership,negative
C00789,Employee Voice,positive
C00790,Employee Voice,negative
C00791,Employee Voice,negative
C00792,Psychological Safety,positive
C00793,Belonging,negative
C00794,Psychological Safety,positive
C00795,Belonging; Inclusive Leadership,positive
C00796,Belonging,negative
C00797,Fairness & Opportunity; Inclusive Leadership,positive
C00798,Inclusive Leadership; Psychological Safety,positive
C00799,Belonging; Inclusive Leadership,negative
C00800,Inclusive Leadership,positive
C00801,Belonging,negative
C00802,Belonging,negative
C00803,Employee Voice,negative
C00804,Belonging,positive
C00805,Belonging,negative
C00806,Psychological Safety; Fairness & Opportunity,positive
C00807,Inclusive Leadership; Psychological Safety,negative
C00808,Belonging; Psychological Safety,positive
C00809,Fairness & Opportunity,negative
C00810,Belonging,negative
C00811,Fairness & Opportunity,negative
C00812,Inclusive Leadership,negative
C00813,Fairness & Opportunity; Employee Voice,negative
C00814,Employee Voice,positive
C00815,Inclusive Leadership,negative
C00816,Belonging,positive
C00817,Employee Voice; Belonging,negative
C00818,Belonging; Psychological Safety,negative
C00819,Psychological Safety; Fairness & Opportunity,positive
C00820,Belonging,negative
C00821,Inclusive Leadership,positive
C00822,Employee Voice,negative
C00823,Inclusive Leadership,positive
C00824,Belonging; Employee Voice,negative
C00825,Psychological Safety; Inclusive Leadership,positive
C00826,Fairness & Opportunity,negative
C00827,Inclusive Leadership,positive
C00828,Belonging; Employee Voice,negative
C00829,Psychological Safety,positive
C00830,Psychological Safety,negative
C00831,Belonging,positive
C00832,Fairness & Opportunity,negative
C00833,Psychological Safety,positive
C00834,Fairness & Opportunity,negative
C00835,Belonging,negative
C00836,Psychological Safety; Employee Voice,positive
C00837,Inclusive Leadership,positive
C00838,Psychological Safety,negative
C00839,Belonging; Psychological Safety,positive
C00840,Fairness & Opportunity; Inclusive Leadership,negative
C00841,Employee Voice,positive
C00842,Employee Voice,negative
C00843,Fairness & Opportunity,positive
C00844,Psychological Safety,negative
C00845,Psychological Safety,positive
C00846,Psychological Safety,negative
C00847,Belonging,positive
C00848,Belonging,positive
C00849,Belonging,positive
C00850,Belonging,negative
C00851,Psychological Safety,negative
C00852,Fairness & Opportunity; Employee Voice,positive
C00853,Inclusive Leadership,positive
C00854,Fairness & Opportunity,negative
C00855,Belonging; Fairness & Opportunity,positive
C00856,Psychological Safety,negative
C00857,Employee Voice,negative
C00858,Employee Voice,negative
C00859,Belonging,positive
C00860,Belonging; Fairness & Opportunity,positive
C00861,Psychological Safety,negative
C00862,Employee Voice,positive
C00863,Employee Voice; Psychological Safety,negative
C00864,Belonging,positive
C00865,Psychological Safety,negative
C00866,Employee Voice,positive
C00867,Fairness & Opportunity,negative
C00868,Psychological Safety,positive
C00869,Psychological Safety,negative
C00870,Inclusive Leadership,positive
C00871,Inclusive Leadership,positive
C00872,Fairness & Opportunity,negative
C00873,Psychological Safety; Belonging,negative
C00874,Belonging; Psychological Safety,positive
C00875,Inclusive Leadership,positive
C00876,Inclusive Leadership,positive
C00877,Employee Voice; Fairness & Opportunity,positive
C00878,Psychological Safety,negative
C00879,Psychological Safety,negative
C00880,Inclusive Leadership,positive
C00881,Fairness & Opportunity,negative
C00882,Psychological Safety; Inclusive Leadership,positive
C00883,Belonging,positive
C00884,Inclusive Leadership; Employee Voice,negative
C00885,Employee Voice,positive
C00886,Psychological Safety,negative
C00887,Employee Voice,positive
C00888,Employee Voice; Fairness & Opportunity,negative
C00889,Inclusive Leadership,positive
C00890,Inclusive Leadership,negative
C00891,Psychological Safety,negative
C00892,Employee Voice,positive
C00893,Belonging,negative
C00894,Belonging,negative
C00895,Employee Voice,positive
C00896,Fairness & Opportunity,negative
C00897,Fairness & Opportunity,negative
C00898,Belonging,positive
C00899,Belonging,negative
C00900,Fairness & Opportunity; Inclusive Leadership,positive
C00901,Psychological Safety; Fairness & Opportunity,negative
C00902,Belonging,positive
C00903,Psychological Safety; Inclusive Leadership,negative
C00904,Inclusive Leadership,positive
C00905,Psychological Safety,positive
C00906,Employee Voice,negative
C00907,Employee Voice,negative
C00908,Psychological Safety,positive
C00909,Psychological Safety; Fairness & Opportunity,negative
C00910,Belonging,positive
C00911,Fairness & Opportunity,negative
C00912,Employee Voice,positive
C00913,Fairness & Opportunity,negative
C00914,Employee Voice,positive
C00915,Employee Voice,negative
C00916,Inclusive Leadership,positive
C00917,Fairness & Opportunity,negative
C00918,Psychological Safety; Fairness & Opportunity,positive
C00919,Fairness & Opportunity,positive
C00920,Psychological Safety,positive
C00921,Belonging,negative
C00922,Psychological Safety,positive
C00923,Inclusive Leadership,negative
C00924,Belonging,positive
C00925,Belonging,positive
C00926,Employee Voice,negative
C00927,Fairness & Opportunity,positive
C00928,Psychological Safety,negative
C00929,Belonging,positive
C00930,Fairness & Opportunity,positive
C00931,Inclusive Leadership,negative
C00932,Psychological Safety,positive
C00933,Inclusive Leadership,negative
C00934,Inclusive Leadership; Employee Voice,positive
C00935,Psychological Safety,negative
C00936,Belonging,positive
C00937,Inclusive Leadership; Employee Voice,negative
C00938,Employee Voice; Belonging,positive
C00939,Psychological Safety,negative
C00940,Inclusive Leadership,positive
C00941,Inclusive Leadership; Belonging,positive
C00942,Fairness & Opportunity,negative
C00943,Belonging,positive
C00944,Inclusive Leadership,positive
C00945,Fairness & Opportunity; Psychological Safety,negative
C00946,Belonging,positive
C00947,Belonging,negative
C00948,Employee Voice,positive
C00949,Psychological Safety; Fairness & Opportunity,negative
C00950,Inclusive Leadership,positive
C00951,Inclusive Leadership,negative
C00952,Employee Voice,negative
C00953,Belonging,positive
C00954,Employee Voice,negative
C00955,Inclusive Leadership,positive
C00956,Psychological Safety,positive
C00957,Inclusive Leadership,negative
C00958,Employee Voice,negative
C00959,Belonging; Fairness & Opportunity,positive
C00960,Belonging,negative
C00961,Employee Voice,negative
C00962,Belonging,positive
C00963,Fairness & Opportunity,negative
C00964,Inclusive Leadership,positive
C00965,Psychological Safety,negative
C00966,Psychological Safety; Belonging,positive
C00967,Psychological Safety,negative
C00968,Belonging,negative
C00969,Fairness & Opportunity,negative
C00970,Belonging,positive
C00971,Employee Voice,positive
C00972,Inclusive Leadership,negative
C00973,Fairness & Opportunity,positive
C00974,Inclusive Leadership,positive
C00975,Belonging,negative
C00976,Fairness & Opportunity,positive
C00977,Fairness & Opportunity,negative
C00978,Belonging; Psychological Safety,positive
C00979,Employee Voice; Belonging,positive
C00980,Inclusive Leadership,negative
C00981,Belonging; Inclusive Leadership,negative
C00982,Fairness & Opportunity; Inclusive Leadership,negative
C00983,Inclusive Leadership,positive
C00984,Fairness & Opportunity,negative
C00985,Employee Voice,positive
C00986,Inclusive Leadership,negative
C00987,Fairness & Opportunity,positive
C00988,Psychological Safety; Employee Voice,negative
C00989,Fairness & Opportunity,positive
C00990,Belonging,negative
C00991,Psychological Safety,positive
C00992,Belonging,negative
C00993,Psychological Safety,positive
C00994,Employee Voice,negative
C00995,Fairness & Opportunity; Employee Voice,negative
C00996,Psychological Safety,negative
C00997,Belonging,positive
C00998,Fairness & Opportunity; Psychological Safety,positive
C00999,Employee Voice,negative
C01000,Belonging; Inclusive Leadership,positive
C01001,Inclusive Leadership; Employee Voice,positive
C01002,Psychological Safety,negative
C01003,Fairness & Opportunity,positive
C01004,Belonging; Psychological Safety,negative
C01005,Psychological Safety,positive
C01006,Belonging,negative
C01007,Employee Voice,positive
C01008,Employee Voice,positive
C01009,Inclusive Leadership,positive
C01010,Psychological Safety,negative
C01011,Belonging,positive
C01012,Inclusive Leadership,positive
C01013,Psychological Safety,negative
C01014,Inclusive Leadership,positive
C01015,Employee Voice,positive
C01016,Psychological Safety,positive
C01017,Inclusive Leadership; Fairness & Opportunity,negative
C01018,Belonging,positive
C01019,Employee Voice,negative
C01020,Employee Voice,negative
C01021,Inclusive Leadership,positive
C01022,Employee Voice,negative
C01023,Fairness & Opportunity,positive
C01024,Psychological Safety; Inclusive Leadership,negative
C01025,Inclusive Leadership,positive
C01026,Fairness & Opportunity,negative
C01027,Employee Voice,positive
C01028,Fairness & Opportunity; Inclusive Leadership,negative
C01029,Fairness & Opportunity,negative
C01030,Psychological Safety,positive
C01031,Inclusive Leadership,positive
C01032,Inclusive Leadership,negative
C01033,Fairness & Opportunity,positive
C01034,Psychological Safety,negative
C01035,Fairness & Opportunity,negative
C01036,Employee Voice,negative
C01037,Belonging,negative
C01038,Psychological Safety,negative
C01039,Employee Voice,negative
C01040,Inclusive Leadership,positive
C01041,Employee Voice; Psychological Safety,positive
C01042,Belonging; Inclusive Leadership,positive
C01043,Inclusive Leadership,positive
C01044,Belonging; Employee Voice,positive
C01045,Fairness & Opportunity,negative
C01046,Inclusive Leadership,positive
C01047,Belonging,negative
C01048,Psychological Safety,positive
C01049,Employee Voice,negative
C01050,Inclusive Leadership,positive
C01051,Fairness & Opportunity,negative
C01052,Fairness & Opportunity,positive
C01053,Fairness & Opportunity,negative
C01054,Psychological Safety,positive
C01055,Employee Voice; Psychological Safety,negative
C01056,Belonging,positive
C01057,Psychological Safety,negative
C01058,Psychological Safety,negative
C01059,Psychological Safety,negative
C01060,Employee Voice,positive
C01061,Belonging,positive
C01062,Fairness & Opportunity,positive
C01063,Belonging,negative
C01064,Psychological Safety,positive
C01065,Inclusive Leadership; Employee Voice,negative
C01066,Fairness & Opportunity,negative
C01067,Employee Voice; Belonging,positive
C01068,Fairness & Opportunity,negative
C01069,Employee Voice,positive
C01070,Inclusive Leadership,negative
C01071,Belonging,positive
C01072,Inclusive Leadership,positive
C01073,Belonging,negative
C01074,Fairness & Opportunity,positive
C01075,Fairness & Opportunity,negative
C01076,Inclusive Leadership,positive
C01077,Fairness & Opportunity; Employee Voice,negative
C01078,Inclusive Leadership,positive
C01079,Fairness & Opportunity,negative
C01080,Employee Voice,positive
C01081,Employee Voice,negative
C01082,Psychological Safety,positive
C01083,Belonging,negative
C01084,Inclusive Leadership,positive
C01085,Inclusive Leadership,positive
C01086,Employee Voice,negative
C01087,Belonging,positive
C01088,Psychological Safety,negative
C01089,Belonging,positive
C01090,Fairness & Opportunity; Employee Voice,negative
C01091,Belonging,positive
C01092,Belonging,positive
C01093,Employee Voice; Belonging,positive
C01094,Belonging; Employee Voice,negative
C01095,Fairness & Opportunity; Psychological Safety,negative
C01096,Inclusive Leadership,positive
C01097,Psychological Safety,negative
C01098,Fairness & Opportunity,negative
C01099,Belonging,positive
C01100,Belonging; Psychological Safety,negative
C01101,Psychological Safety,positive
C01102,Employee Voice,negative
C01103,Inclusive Leadership,positive
C01104,Inclusive Leadership,positive
C01105,Belonging,negative
C01106,Psychological Safety,positive
C01107,Inclusive Leadership; Belonging,positive
C01108,Inclusive Leadership,negative
C01109,Employee Voice; Belonging,positive
C01110,Psychological Safety; Fairness & Opportunity,negative
C01111,Employee Voice,positive
C01112,Psychological Safety,negative
C01113,Employee Voice,positive
C01114,Employee Voice; Fairness & Opportunity,negative
C01115,Fairness & Opportunity,negative
C01116,Belonging; Fairness & Opportunity,positive
C01117,Employee Voice; Inclusive Leadership,positive
C01118,Inclusive Leadership,negative
C01119,Belonging,positive
C01120,Fairness & Opportunity,negative
C01121,Psychological Safety,negative
C01122,Inclusive Leadership,positive
C01123,Belonging,negative
C01124,Employee Voice,negative
C01125,Inclusive Leadership; Fairness & Opportunity,positive
C01126,Fairness & Opportunity,negative
C01127,Inclusive Leadership; Fairness & Opportunity,positive
C01128,Employee Voice,negative
C01129,Inclusive Leadership,positive
C01130,Psychological Safety,negative
C01131,Fairness & Opportunity,positive
C01132,Inclusive Leadership,positive
C01133,Belonging,positive
C01134,Belonging; Inclusive Leadership,positive
C01135,Fairness & Opportunity,positive
C01136,Belonging,positive
C01137,Employee Voice,negative
C01138,Inclusive Leadership; Psychological Safety,positive
C01139,Belonging,negative
C01140,Psychological Safety,positive
C01141,Belonging,positive
C01142,Fairness & Opportunity; Employee Voice,negative
C01143,Employee Voice,negative
C01144,Belonging,positive
C01145,Employee Voice; Fairness & Opportunity,negative
C01146,Belonging,positive
C01147,Employee Voice,negative
C01148,Inclusive Leadership; Employee Voice,positive
C01149,Employee Voice,negative
C01150,Employee Voice,negative
C01151,Belonging,positive
C01152,Inclusive Leadership,negative
C01153,Psychological Safety,positive
C01154,Belonging,negative
C01155,Psychological Safety,negative
C01156,Employee Voice,negative
C01157,Fairness & Opportunity,negative
C01158,Inclusive Leadership,negative
C01159,Fairness & Opportunity,positive
C01160,Psychological Safety; Belonging,negative
C01161,Belonging,positive
C01162,Fairness & Opportunity,negative
C01163,Employee Voice,positive
C01164,Inclusive Leadership,negative
C01165,Fairness & Opportunity,positive
C01166,Inclusive Leadership,positive
C01167,Fairness & Opportunity,negative
C01168,Inclusive Leadership,negative
C01169,Belonging,negative
C01170,Fairness & Opportunity,positive
C01171,Fairness & Opportunity,negative
C01172,Inclusive Leadership,positive
C01173,Belonging,negative
C01174,Inclusive Leadership,positive
C01175,Belonging,negative
C01176,Fairness & Opportunity,positive
C01177,Fairness & Opportunity,positive
C01178,Inclusive Leadership,negative
C01179,Psychological Safety,positive
C01180,Belonging,positive
C01181,Fairness & Opportunity,negative
C01182,Employee Voice,positive
C01183,Fairness & Opportunity,positive
C01184,Employee Voice; Inclusive Leadership,negative
C01185,Employee Voice,negative
C01186,Employee Voice,negative
C01187,Fairness & Opportunity,negative
C01188,Psychological Safety,positive
C01189,Employee Voice,positive
C01190,Psychological Safety; Employee Voice,positive
C01191,Psychological Safety,negative
C01192,Belonging,positive
C01193,Fairness & Opportunity,negative
C01194,Inclusive Leadership,positive
C01195,Fairness & Opportunity,negative
C01196,Psychological Safety; Belonging,positive
C01197,Employee Voice,negative
C01198,Inclusive Leadership,positive
C01199,Psychological Safety,negative
C01200,Employee Voice; Belonging,negative
C01201,Fairness & Opportunity,negative
C01202,Inclusive Leadership,positive
C01203,Fairness & Opportunity,negative
C01204,Belonging,positive
C01205,Inclusive Leadership,negative
C01206,Employee Voice,negative
C01207,Inclusive Leadership,negative
C01208,Belonging,positive
C01209,Employee Voice,negative
C01210,Employee Voice,negative
C01211,Psychological Safety,positive
C01212,Employee Voice,negative
C01213,Inclusive Leadership,negative
C01214,Psychological Safety,negative
C01215,Belonging,positive
C01216,Belonging,negative
C01217,Inclusive Leadership,negative
C01218,Belonging,negative
C01219,Fairness & Opportunity; Inclusive Leadership,negative
C01220,Employee Voice; Psychological Safety,negative
C01221,Psychological Safety,positive
C01222,Fairness & Opportunity,negative
C01223,Belonging,positive
C01224,Fairness & Opportunity,negative
C01225,Inclusive Leadership,positive
C01226,Belonging,positive
C01227,Employee Voice,positive
C01228,Inclusive Leadership,positive
C01229,Inclusive Leadership,negative
C01230,Psychological Safety,positive
C01231,Psychological Safety,negative
C01232,Fairness & Opportunity,negative
C01233,Fairness & Opportunity; Employee Voice,negative
C01234,Belonging; Employee Voice,positive
C01235,Belonging,negative
C01236,Employee Voice,positive
C01237,Inclusive Leadership,negative
C01238,Psychological Safety,positive
C01239,Fairness & Opportunity,negative
C01240,Belonging,negative
C01241,Employee Voice,negative
C01242,Inclusive Leadership,positive
C01243,Inclusive Leadership,negative
